ID,date,username,verdict
12624964753,2010-10-12,Будянский Валентин Евгеньевич,Возрождение таланта
11211805505,2019-05-07,Фергасова Дарья Богдановна,Приобретение магической силы
9677366941,2016-11-16,Босолаев Николай Андреевич,Обретение мира
11477446675,2022-08-16,Отюзский Евгений Валериевич,Победа в соревновании
8559127171,2006-06-22,Енакаев Вячеслав Андреевич,Новые возможности
10325634916,2003-05-13,Журонов Юрий Михаилович,Победа над тьмой внутри
8312610224,2013-10-17,Евлошин Пётр Иванович,error
10274840882,2006-11-08,Макшанов Денис Андреевич,Открытие новой реальности
11994474848,2014-10-13,Матвейцев Михаил Фёдорович,Изменение характера
12472374700,2021-09-07,Саакова Людмила Эдуардовна,Разрешение загадки
8411221094,2020-11-14,Неволин Степан Валериевич,Победа над судьбой
8190112743,2011-06-27,Гглосова Ева Петровна,Признание героем
12092445926,2022-11-15,Бурокова Евгения Кирилловна,Удачное путешествие
10277034186,2011-07-13,Тутубалина Яна Кирилловна,Возвращение домой
12313049391,2011-12-22,Апольцева Валерия Кирилловна,Признание героем
11354982289,2007-10-27,Никулкова Инна Эдуардовна,Рождение ребенка
5866665055,2020-06-22,Киличкин Юрий Антонович,Победа над тьмой
11260058157,2009-09-13,Велиев Герасим Георгиевич,Приключение начинается
9846777935,2023-10-13,Душанин Юрий Алексеевич,Победа над страхом
10637383000,2013-09-24,Брайцева Тамара Олеговна,Освобождение из плена
10725390421,2018-07-10,Тарнакова Кира Олеговна,Победа над страхом
9750950528,2023-05-18,Волочейкин Герасим Вадимович,Победа над тьмой внутри
13927947154,2012-07-14,Ницлавский Владимир Денисович,Покорение невидимого врага
9316705878,2010-09-26,Горюшкин Алексей Антонович,Победа над страхом
14098096519,2006-10-10,Луненкова Клавдия Никитична,Открытие новой реальности
11222621878,2019-08-14,Захрабов Георгий Игоревич,Открытие новой реальности
11176788809,2017-09-24,Синезова Мария Игоревна,Новое начало
10733981955,2003-08-21,Колпачева Тамара Сергеевна,Избавление от проклятия
14056777707,2003-05-11,Никишанов Владимир Викторович,Изменение прошлого
11984128621,2000-06-16,Козулин Ярослав Игоревич,Обретение мудрости
11264993761,2009-09-18,Доболина Мария Егоровна,Покорение тайного мира
11290722674,2020-09-13,Ликсонова Ева Михайловна,Победа над судьбой
11258254283,2018-06-11,Пришкин Василий Викторович,Освобождение из плена
11566135670,2001-06-25,Швабовская София Эдуардовна,Обретение вечной молодости
10914827026,2001-08-12,Хочанский Василий Алексеевич,Покорение тайного мира
13201198208,2022-11-13,Мундштуков Виталий Петрович,Победа над злом
9831292717,2023-12-18,Измалков Олег Михаилович,Обретение внутреннего покоя
8447585708,2000-06-20,Каохцина Алёна Вадимовна,Предсказание будущего
13368863402,2016-10-23,Алеканова Александра Петровна,Новые возможности
11061358323,2010-05-22,Дешуков Артур Алексеевич,Обретение баланса сил
10643119062,2007-10-10,Нициевский Артур Олегович,Помощь от незнакомца
14235931336,2023-08-14,Лорченков Николай Антонович,Обретение душевного спокойствия
13220097986,2008-09-26,Путяков Станислав Вадимович,Победа над тьмой
11638234174,2022-05-13,Русских Александр Василиевич,Изменение судьбы
11832844617,2022-11-28,Браилов Николай Иванович,Долгожданная встреча
11451192348,2010-05-21,Джамбова Тамара Николаевна,Разрешение семейной тайны
11799653016,2017-10-12,Бикмурдина Наталья Петровна,Победа над силами природы
12917664791,2009-11-28,Шамшина Маргарита Кирилловна,Новый старт
12895875447,2016-05-19,Пахошкина Елена Кирилловна,Признание своих способностей
11339671473,2012-10-15,Ланкина Юлия Николаевна,Разрешение семейной тайны
11002184877,2019-12-28,Алембекова Карина Николаевна,Победа над проклятием семьи
10723706170,2015-10-17,Пащарина Алиса Михайловна,Победа в соревновании
9970396465,2012-06-24,Бугаков Виталий Сергеевич,Признание правды
13120651742,2011-11-23,Минникаев Станислав Юриевич,Победа над злом
12241179134,2009-12-13,Бутлицкий Аркадий Михаилович,Успех в учебе
12878883364,2007-09-26,Гиверенков Дмитрий Леонидович,Новая работа
10968563001,2000-05-20,Вышенков Артур Романович,Богатство приходит
10780345450,2008-12-13,Копчинский Степан Юриевич,Признание своей уникальности
12899852373,2010-05-12,Атазарова Ирина Евгеньевна,Освобождение из плена
12228408424,2010-12-15,Пименкова Елена Максимовна,Изменение характера
13759278789,2008-06-18,Айдина Елизавета Валерьевна,Покорение тайного мира
12430862255,2007-08-12,Янкулин Ярослав Яковлевич,Обретение душевного спокойствия
8051166492,2009-07-21,Турнев Иван Павлович,Покорение невозможного
9619056201,2015-12-12,Курбашов Федор Викторович,Победа над сомнениями
10597296015,2004-10-16,Аничин Валентин Вадимович,Рождение ребенка
9859694983,2016-08-28,Кардаев Денис Яковлевич,Новая работа
9697274156,2023-06-28,Беденгов Николай Сергеевич,Разрешение загадки
10819088649,2016-07-12,Казневская София Аркадьевна,Победа в соревновании
11097261074,2006-12-13,Вощаникин Борис Виталиевич,Обретение вечной молодости
11867542196,2012-06-25,Межинский Григорий Юрьевич,Покорение магического зверя
12352606214,2011-07-11,Теумин Борис Михаилович,Раскрытие заговора
11413562133,2000-12-27,Шутенков Артур Евгеньевич,Избавление от проклятия
12732162793,2009-07-09,Бердинова Зинаида Андреевна,Удачное путешествие
9718272550,2005-08-27,Севолкин Эдуард Максимович,Покорение невозможного
10154730008,2014-07-21,Полетов Роман Фёдорович,Возвращение молодости
10489466772,2005-07-18,Агапкин Роман Виталиевич,Обретение баланса сил
10806414177,2017-08-23,Шекимов Максим Романович,Исцеление разбитого сердца
9482658987,2000-12-08,Ялаков Олег Максимович,Помощь от незнакомца
11652332072,2014-11-09,Куряев Борис Данилович,Любовь наступает
12743302461,2000-12-24,Алесинская Тамара Сергеевна,Новый старт
9372416917,2006-07-16,Торчилдина Тамара Олеговна,Возвращение утраченных воспоминаний
14036373863,2011-06-27,Гогощапова Анастасия Борисовна,Разрешение загадки
11256593374,2001-09-16,Воеводкин Дмитрий Иванович,Удачное путешествие
16382544194,2016-08-12,Разинская Маргарита Егоровна,Покупка мечты
8229202193,2022-07-17,Емин Илья Антонович,Приобретение магической силы
10327240085,2014-07-28,Сафицина Тамара Федоровна,Обретение внутреннего покоя
9898952896,2010-05-22,Саямов Виталий Вадимович,Изменение внешности
10001403310,2013-09-12,Ивлюшова Вероника Олеговна,Новые возможности
11872750455,2005-09-25,Слезинская Александра Олеговна,Воссоединение с любимым
9667031297,2006-05-28,Левуткин Алексей Иванович,Покорение неприступной крепости
10292186947,2003-10-12,Бутакова Алла Федоровна,Новая жизнь
15082765522,2019-06-09,Стрибкова Александра Андреевна,Обретение мира
10013510984,2022-05-09,Вараев Георгий Сергеевич,Спасение от опасности
8393926052,2019-05-15,Фортов Юрий Аркадиевич,Здоровье улучшается
11105555090,2008-06-18,Бочина Тамара Николаевна,Обретение душевного спокойствия
8898948422,2006-12-14,Пананов Герасим Денисович,Покорение запретных земель
10710071199,2021-06-28,Тибукова Елена Петровна,Возвращение домой
9214139164,2000-07-20,Люзин Алексей Леонидович,Исцеление разбитого сердца
11254449747,2005-09-24,Финоева Зинаида Ивановна,Покорение тайного мира
12544546305,2010-06-09,Хуслиншина Клара Михайловна,Изменение судьбы нации
11722387649,2021-11-24,Биюшкин Николай Аркадиевич,Долгожданная встреча
15384083070,2000-09-10,Афонишева Александра Богдановна,Любовь наступает
11736450803,2016-08-08,Церлевская Тамара Валерьевна,Удачное путешествие
8494636028,2004-05-22,Ахтанин Павел Иванович,Обретение мира
10714977203,2000-05-27,Чегеров Виталий Павлович,Разрешение загадки
13331804466,2001-07-28,Чичерева Зинаида Кирилловна,Признание правды
9848932642,2016-08-25,Свеклина Людмила Андреевна,Победа над смертью
13939896877,2022-09-20,Алабердова Валентина Дмитриевна,Покорение невозможного
10481186191,2023-05-09,Загниткин Иван Борисович,Здоровье улучшается
9781568378,2007-07-28,Машилов Алексей Юрьевич,Победа над злом
10363851060,2012-06-12,Казызаев Леонид Георгиевич,Победа над силами природы
13304214511,2004-11-24,Хованов Георгий Валериевич,Обретение внутреннего покоя
13797024107,2000-11-16,Мухометова Ксения Кирилловна,Новое начало
11600597840,2016-10-28,Пестинов Геннадий Иванович,Покорение неприступной крепости
8552274463,2021-06-17,Шеботин Степан Валериевич,Раскрытие заговора
14575991686,2021-08-07,Шемкасова Анастасия Петровна,Покорение невозможного
13484627046,2017-10-23,Кахаков Геннадий Алексеевич,error
12905654572,2021-11-17,Криволанов Валерий Павлович,Избавление от проклятия
10544145068,2002-11-24,Петрящева Алиса Ивановна,Изменение будущего мира
12703066860,2003-09-28,Геркин Константин Фёдорович,Раскрытие заговора
13198975517,2016-12-11,Стродымова Людмила Михайловна,Приобретение дружбы
9832027744,2012-05-18,Савукин Семён Максимович,Возрождение таланта
10199678731,2008-06-11,Грюканов Игорь Леонидович,Покорение страсти
15655398868,2006-11-23,Дамсонова Александра Эдуардовна,Победа над собой
10779530192,2006-11-28,Куцаков Алексей Иванович,Достижение цели
11273127062,2016-05-24,Алюлина Ева Дмитриевна,Воссоединение семьи
12979204088,2016-11-16,Марзаганов Тарас Леонидович,Покорение неприступной крепости
10290943161,2002-05-21,Садуллина Елена Богдановна,Восстановление мира и гармонии
10140711988,2004-05-07,Кадухин Евгений Викторович,Семейное счастье
8862519714,2006-12-16,Трацевская Карина Ивановна,Разрешение загадки
11335255108,2011-05-23,Почтина Маргарита Николаевна,Победа над проклятием семьи
11285810791,2020-05-08,Траксин Виталий Иванович,Предсказание будущего
9289477062,2014-12-13,Сорнев Михаил Юриевич,Покорение невозможного
10104910346,2008-05-11,Косапова Ксения Игоревна,Здоровье улучшается
9163067966,2005-10-10,Аюкина Жанна Богдановна,Обретение счастья
11162089751,2003-12-12,Сталевский Виталий Василиевич,Обретение баланса сил
8996443999,2015-05-26,Сочилкин Борис Алексеевич,Победа над силами природы
11968976553,2019-10-24,Осинин Герасим Сергеевич,Долгожданная встреча
10364212893,2000-12-21,Солотин Геннадий Юрьевич,Изменение хода истории
9856474212,2022-10-27,Фиаткина Жанна Ивановна,Восстановление порядка в мире
12059139039,2001-05-11,Гарькавцев Альберт Леонидович,Победа над силами природы
10868180083,2003-10-18,Ретьев Евгений Андреевич,Покупка мечты
13719679736,2016-08-18,Даминский Григорий Виталиевич,Семейное счастье
11165917147,2020-05-28,Чупров Борис Яковлевич,Рождение ребенка
10543392576,2023-09-18,Ротанина Людмила Романовна,Приобретение секрета
10087983131,2015-06-08,Носатов Виталий Максимович,Победа над тьмой внутри
9451011387,2004-10-25,Пожильцева Инна Петровна,Приключение начинается
13726516863,2009-06-10,Селынин Александр Сергеевич,Открытие новой магии
8970711813,2018-05-22,Курзеев Станислав Юриевич,Изменение судьбы нации
10166511986,2008-11-12,Спасина Анна Евгеньевна,Победа над тьмой внутри
12065772949,2016-10-11,Хамбеков Никита Олегович,Долгожданная встреча
12239732999,2011-08-27,Жмирнова Александра Яковлевна,Любовь наступает
10606057906,2002-12-27,Напшева Виктория Михайловна,Обретение счастья
8403968969,2008-11-16,Бацалев Руслан Данилович,Победа над судьбой
11046616997,2011-05-07,Загороднов Юрий Романович,Покорение тайного мира
11012284410,2006-05-17,Хамхоева Раиса Федоровна,Помощь от незнакомца
12305219270,2005-08-09,Черписов Руслан Леонидович,Воссоединение с потерянным
9311303730,2015-10-12,Батулина Юлия Богдановна,Изменение будущего мира
11750857924,2016-07-16,Должиков Михаил Георгиевич,Покорение неприступной крепости
7494911999,2008-10-13,Наролин Олег Романович,Открытие новой реальности
10772386095,2022-12-11,Никулова Надежда Егоровна,Избавление от проклятия
12775410767,2005-11-12,Серьезнов Владислав Павлович,Покорение невозможного
11425647251,2015-08-20,Муравкина Марина Петровна,Победа над злом
11809196144,2016-08-11,Аборонов Георгий Адамович,Помощь от незнакомца
12229948157,2011-06-21,Ляпорова Валерия Вадимовна,Приобретение секрета
11911434530,2002-07-25,Хлебянкина Наталья Николаевна,Раскрытие заговора
5878805984,2006-05-18,Биржева Вера Олеговна,Приобретение дружбы
9608954105,2001-11-25,Кабелев Артур Денисович,Приобретение знания о прошлом
10867031851,2023-09-10,Нипольская Жанна Борисовна,Достижение цели
10615488315,2006-12-18,Суйков Герасим Юриевич,Обретение внутреннего покоя
9870123913,2021-07-27,Нюхарев Денис Максимович,Изменение судьбы нации
8364560016,2002-05-27,Закуев Юрий Денисович,Изменение будущего мира
11987364913,2018-10-13,Дробницкий Степан Михаилович,Обретение мудрости
9627519047,2015-11-08,Гладнов Вячеслав Романович,Признание любви
15341120846,2004-05-28,Адасинский Аркадий Адамович,Победа над силами природы
9855735804,2018-07-27,Гричихин Тарас Аркадиевич,Удачное путешествие
11408464967,2008-07-22,Разсудова Раиса Федоровна,Победа над смертью
11277622746,2000-10-17,Парадизов Роман Георгиевич,Здоровье улучшается
9937418493,2014-10-28,Снетов Семён Денисович,Победа над тьмой внутри
11318237116,2017-10-25,Дубанов Константин Юрьевич,Рождение ребенка
11374725588,2005-08-18,Аврамков Пётр Фёдорович,Победа над судьбой
11662917467,2022-08-11,Анетдинова Ксения Петровна,Победа над тьмой внутри
10363403212,2016-10-14,Стукнина Яна Николаевна,Признание правды
8902153752,2009-12-13,Джагаров Федор Денисович,Обретение мира
12526037162,2010-07-16,Капорулин Артём Олегович,Победа над силами природы
13203201501,2006-10-24,Саустина Вероника Борисовна,Любовь наступает
8320565502,2012-08-08,Турахина Яна Богдановна,Здоровье улучшается
9347419001,2015-06-27,Надточих Максим Петрович,Предсказание будущего
13921521801,2003-08-16,Шимарский Владимир Валериевич,Покупка мечты
11841770345,2001-07-17,Стрежнева Тамара Василевна,Победа над злом
8579531321,2009-08-20,Гагачева Ева Максимовна,Приобретение силы
9794289209,2007-06-10,Кашеева Ольга Алексеевна,Обретение баланса сил
13247161623,2017-12-28,Метлицкий Кирилл Николаевич,Разрешение конфликта
11300260863,2022-09-22,Бушакова Наталья Андреевна,Новое начало
8156122747,2021-10-24,Рюмышева Кристина Николаевна,Восстановление памяти
11284841493,2001-07-28,Сипаторов Олег Павлович,Обретение мира
12817439516,2012-09-12,Свичинский Артур Данилович,Новое начало
9852303342,2017-06-14,Устюшкин Константин Романович,Успех в бизнесе
11949128090,2000-06-07,Пивунова Вероника Федоровна,Разрешение конфликта
9001831243,2016-05-07,Кутяева Вероника Никитична,Рождение ребенка
9852838139,2020-10-23,Кирясова Раиса Вадимовна,Новое начало
10174695703,2000-09-14,Видулова Алла Михайловна,Изменение судьбы нации
9483475686,2014-10-14,Горекина Мария Василевна,Изменение будущего мира
13851107511,2012-09-26,Шамплетова Зинаида Валерьевна,Обретение внутреннего покоя
12309696278,2007-06-20,Шаракина Галина Романовна,Возвращение потерянного
13706737725,2020-09-23,Вербников Андрей Алексиевич,Избавление от проклятия
12223390037,2018-09-22,Кушунина Виолетта Егоровна,Воссоединение семьи
11174672106,2005-08-21,Стельников Вадим Юриевич,Приключение начинается
11192817736,2012-08-14,Княткина Ксения Евгеньевна,Покорение запретных земель
9037307364,2021-08-24,Булеев Иван Антонович,Возвращение потерянного
12588993498,2010-07-10,Пешковский Виталий Валериевич,Приключение начинается
12495600985,2014-05-23,Старастина Клавдия Евгеньевна,Помощь от незнакомца
12760438366,2001-07-14,Петрухин Геннадий Кириллович,Приобретение сверхъестественных способностей
10698861091,2017-08-09,Гусарева Алина Эдуардовна,Воссоединение с потерянным
8316301999,2003-09-21,Смирягин Степан Юрьевич,Покорение запретных земель
12332817600,2005-06-09,Пиканин Альберт Алексеевич,Победа над тьмой внутри
12762121921,2019-08-07,Комбарева Алиса Алексеевна,Признание своей уникальности
12146826334,2017-07-08,Осинягов Аркадий Алексиевич,Победа над проклятием семьи
11872627831,2016-07-12,Уляшкина Людмила Алексеевна,Возвращение потерянного
11687618832,2019-12-18,Кочебина Екатерина Кирилловна,Рождение ребенка
11153254689,2019-05-12,Чуряков Аркадий Аркадиевич,Новые возможности
11351272416,2005-12-19,Кредисов Герасим Петрович,Успех в учебе
11170669657,2011-11-21,Годжев Виталий Георгиевич,Разрешение загадки
13562279578,2018-08-11,Полчанова Зинаида Викторовна,Избавление от проклятия
9963511364,2010-10-22,Линяев Ярослав Сергеевич,Обретение баланса сил
14186075396,2007-12-28,Обрезкова Любовь Максимовна,Покорение невидимого врага
9881369214,2022-11-24,Транкин Артур Михаилович,Семейное счастье
10701086743,2009-09-21,Батягина Ольга Федоровна,Открытие нового мира
8725112511,2003-12-18,Пудин Вадим Борисович,Восстановление памяти
11029947364,2007-07-25,Бруновская Светлана Вадимовна,Покорение магического зверя
10626439135,2019-09-08,Лошин Денис Михаилович,Спасение от опасности
11482350347,2010-12-15,Панцирева Анна Никитична,Победа над проклятием семьи
10221735371,2012-10-25,Мишунина Любовь Ивановна,Приобретение сверхъестественных способностей
11306124231,2023-06-16,Зигангиров Пётр Алексиевич,Воссоединение с потерянным
10080189236,2000-12-27,Маркузин Алексей Романович,Изменение характера
12123985284,2003-08-13,Болышаков Альберт Михаилович,error
14152705476,2011-06-07,Корнизова Кристина Ивановна,Победа над врагом
8685969684,2021-06-27,Усыпин Яков Алексеевич,Обретение мудрости
10054701532,2010-12-25,Зубрилин Роман Фёдорович,Возвращение утраченных воспоминаний
12351302912,2015-10-13,Шалкинская Надежда Егоровна,Победа над смертью
7368354657,2020-08-25,Лисафьев Артур Данилович,Победа над сомнениями
15586163941,2008-11-28,Сплетукова Евгения Дмитриевна,Воссоединение с потерянным
12994992331,2018-12-14,Стуковкин Вячеслав Петрович,Спасение от опасности
9274940098,2019-08-25,Лапшев Илья Тимофеевич,Возвращение молодости
11578475619,2021-05-20,Моралин Альберт Игоревич,Разрешение загадки
11076698432,2007-08-14,Эльдаров Виктор Романович,Воссоединение с потерянным
12158547560,2017-07-20,Амуркова Екатерина Федоровна,Восстановление дружбы
11548267360,2012-10-25,Карюкова Карина Ивановна,Победа над собой
10469314794,2002-05-14,Черский Виталий Романович,Избавление от проклятия
10740769826,2010-06-19,Хондогина Алёна Николаевна,Успех в бизнесе
9638304840,2022-12-12,Аболымов Артур Викторович,Открытие тайны
9011102161,2011-09-09,Каменев Степан Фёдорович,Новое начало
11892212749,2019-06-10,Шахиева Любовь Евгеньевна,Возвращение утраченных воспоминаний
11760848158,2012-11-16,Афиноинова Раиса Игоревна,Приобретение секрета
10613748907,2011-08-27,Хавкунов Роман Василиевич,Победа над смертью
12472880512,2023-07-18,Масеткин Герасим Викторович,Успех в искусстве
14146188785,2021-08-20,Хрипушкина Елизавета Максимовна,Приобретение сверхъестественных способностей
12882206026,2014-09-19,Атакулиева София Максимовна,Победа над врагом
11829724742,2009-05-08,Череменин Руслан Николаевич,Признание своей уникальности
10491191996,2013-10-16,Летовина Евгения Борисовна,Покорение невозможного
10000662041,2023-06-14,Ривлина Валентина Николаевна,Новая жизнь
13400392923,2014-11-19,Потанкин Владимир Денисович,Избавление от проклятия
14012612128,2021-08-26,Икрянников Борис Леонидович,Открытие новой магии
12285638115,2014-06-21,Сыровешкин Владислав Юриевич,Победа над сомнениями
11608358346,2017-06-10,Магомаева Алёна Аркадьевна,Новый дом
11860207434,2016-12-22,Шаволина Надежда Викторовна,Изменение хода истории
10968369073,2016-08-19,Башкайкина Ксения Ивановна,Воссоединение семьи
10972605100,2012-11-25,Камлевская Алиса Сергеевна,Покорение страсти
11729269690,2014-11-19,Лодякова Наталия Петровна,Покорение магического зверя
11448811263,2018-10-21,Ульчицкая Жанна Никитична,Открытие новой магии
11568331695,2002-08-15,Умарова Наталья Романовна,Покорение неприступной крепости
14492354211,2006-07-26,Пистракова Вероника Егоровна,Обретение баланса сил
11545849717,2019-10-15,Косячкова Полина Ивановна,Покорение тайного мира
11889794428,2019-07-17,Бутаева Любовь Евгеньевна,Восстановление дружбы
13347511320,2007-06-15,Сергушова Катерина Эдуардовна,Спасение от опасности
11740705301,2013-10-14,Белькова Лариса Борисовна,Признание любви
15078251210,2005-11-11,Ловнева Кристина Максимовна,Успех в бизнесе
10441504395,2020-10-26,Фоничкин Валерий Фёдорович,Покорение запретных земель
8991768435,2010-07-09,Козурова Кристина Петровна,Покорение тайного мира
10996487490,2000-09-13,Культепина Юлия Андреевна,Новая жизнь
12386395695,2012-08-12,Поплавков Василий Георгиевич,Разрешение загадки
10363967348,2009-05-23,Колдышов Геннадий Адамович,Новое начало
9814385245,2005-11-25,Айдашева Дарья Валерьевна,Победа над несправедливостью
10303695490,2002-10-17,Ситушкина Юлия Егоровна,Признание героем
11238510418,2004-09-28,Щемелина Лиза Кирилловна,Долгожданная встреча
13471107046,2003-08-14,Шипкарев Алексей Леонидович,Изменение судьбы
11626614572,2012-08-16,Калтагова Полина Яковлевна,Покорение неприступной крепости
11201777926,2001-12-08,Пацуков Яков Виталиевич,Исцеление сердца
13223645676,2000-11-19,Мурсякаева Ирина Алексеевна,Приобретение знания о прошлом
9666572826,2005-12-28,Хмелевская Яна Дмитриевна,Признание правды
11133324940,2011-07-22,Курекова Ольга Викторовна,Признание героем
11988067567,2023-11-22,Месягутов Валерий Олегович,Возвращение молодости
12722516975,2006-06-16,Паниотова Алла Богдановна,Рождение ребенка
11094957802,2018-06-12,Ветошников Яков Иванович,Признание своей уникальности
10428979057,2001-11-27,Горовых Эдуард Юриевич,Приобретение магической силы
12206140416,2015-10-10,Лобашкина Любовь Леонидовна,Открытие новой реальности
11152804274,2017-07-11,Зиадинова Анна Федоровна,Возвращение домой
14376952900,2020-10-16,Старицын Василий Максимович,Воссоединение с потерянным
9212417708,2014-06-25,Ципкова Лиза Евгеньевна,Покорение страсти
10409224861,2022-07-26,Тукачева Дарья Аркадьевна,Победа над судьбой
13129214542,2014-09-10,Джиянтаева Валентина Федоровна,Возвращение молодости
13367788026,2021-05-22,Игнатычева Оксана Кирилловна,Семейное счастье
9419300922,2007-05-18,Кудьмин Анатолий Павлович,Семейное счастье
11327339284,2017-07-12,Азарухин Роман Георгиевич,Признание своих способностей
10745849130,2016-06-11,Баровкова Анна Егоровна,Признание своей уникальности
11909424246,2011-12-09,Палиевская Кристина Борисовна,Здоровье улучшается
8830250459,2019-05-18,Туйбова Ольга Ивановна,Здоровье улучшается
14862497768,2000-12-14,Полынков Валентин Яковлевич,Удачное путешествие
9628227618,2005-11-28,Ганцев Георгий Виталиевич,Приобретение дружбы
13489387999,2020-11-19,Алимовская Светлана Евгеньевна,Богатство приходит
10572503600,2006-10-11,Лагдышев Георгий Петрович,Возвращение молодости
10657607766,2015-08-11,Черчина Клара Романовна,Изменение судьбы
10796560018,2004-10-19,Бертняев Владимир Аркадиевич,Исцеление сердца
12425229522,2011-09-07,Выскачков Артём Василиевич,Приобретение сверхъестественных способностей
9756027025,2010-09-11,Галкова Дарья Алексеевна,Обретение вечной молодости
13003105544,2019-10-14,Фуфина Виктория Евгеньевна,Покорение запретных земель
9981043445,2005-06-25,Пернов Александр Юриевич,Помощь от незнакомца
12484666120,2007-09-17,Косираева Алиса Алексеевна,Обретение душевного спокойствия
11731092553,2001-09-07,Нестюркина Софья Николаевна,Признание любви
9647718961,2020-11-26,Зибницкая Вера Вадимовна,Признание своей уникальности
11351320513,2016-06-24,Вергильева Алена Никитична,Успех в учебе
13442020733,2021-09-11,Княжеский Валерий Андреевич,Предсказание будущего
9991656260,2023-07-28,Бабахова София Викторовна,Покорение невидимого врага
8418291898,2003-11-15,Залютаев Федор Олегович,Открытие новой реальности
11812776494,2004-05-27,Дороганов Семён Аркадиевич,Предсказание будущего
12270827387,2005-11-16,Загорова Клавдия Дмитриевна,Успех в учебе
12862857128,2023-11-20,Спудицкий Степан Михаилович,Освобождение из плена
9050909479,2005-10-24,Сизинева Клара Борисовна,Покорение магического зверя
9335350569,2007-06-21,Рослых Алена Алексеевна,Приобретение сверхъестественных способностей
12146729899,2003-07-18,Дикисова Марина Олеговна,Воссоединение с прошлым
14478768451,2013-06-28,Пахалуев Георгий Алексиевич,Исцеление сердца
13833954905,2009-12-15,Могжанов Василий Василиевич,Покорение невозможного
10894637012,2012-12-26,Шпигунова Алена Петровна,Освобождение из плена
11497358674,2010-11-23,Алырина Мария Дмитриевна,Восстановление порядка в мире
10790045845,2022-10-09,Галицина Марина Егоровна,Изменение хода истории
11232433638,2003-11-10,Акинкина Раиса Кирилловна,Путешествие во времени
12195054592,2006-07-28,Заводская Кира Максимовна,Избавление от проклятия
10963947521,2006-07-11,Рогинский Виктор Романович,Изменение характера
11843910442,2021-09-09,Дулатова Надежда Игоревна,Победа над судьбой
8573135216,2022-05-16,Ветошкин Ярослав Юриевич,Покорение невидимого врага
10061629842,2020-10-19,Колбасов Максим Леонидович,Помощь от духов
12245112899,2010-07-17,Угайкина Оксана Алексеевна,Покорение магического зверя
9702958712,2000-07-13,Антиничева Ева Вадимовна,Новый дом
11426216188,2009-09-21,Месковский Василий Алексиевич,Обретение счастья
13595419020,2012-09-09,Авдоничев Григорий Кириллович,Покорение запретных земель
9553582669,2010-06-17,Конюшков Степан Юрьевич,Восстановление памяти
12558636601,2013-09-09,Гандабулов Юрий Викторович,Покупка мечты
12345299628,2006-12-20,Витякова Зинаида Викторовна,Изменение судьбы
8594676281,2008-11-20,Филяев Семён Аркадиевич,Возвращение молодости
12548402472,2019-10-22,Кижикин Геннадий Валериевич,Покорение невидимого врага
13903258960,2012-06-12,Патрашкова Раиса Евгеньевна,Победа над тьмой
7042986341,2001-06-24,Толов Борис Адамович,Новые возможности
16533018050,2011-08-22,Залавкова Елизавета Петровна,Изменение внешности
14124674406,2022-10-19,Рукозенков Валентин Алексиевич,Победа над врагом
10529719773,2000-09-14,Пемов Альберт Валериевич,Успех в учебе
12449630792,2012-10-15,Батрамеев Григорий Леонидович,Воссоединение с любимым
13503646864,2004-08-19,Лемзякова Ксения Эдуардовна,Обретение мира
13916794686,2004-05-10,Тадорская Зинаида Викторовна,Покорение невидимого врага
11240854908,2020-07-14,Тяжких Дмитрий Адамович,Приобретение дружбы
13741502023,2012-12-20,Русьянов Вячеслав Денисович,Покорение запретных земель
11312293394,2002-09-08,Вилякин Виталий Олегович,Избавление от проклятия
9982183262,2016-10-27,Ковганкин Вадим Максимович,Приобретение сверхъестественных способностей
13115575443,2017-08-23,Лушаков Константин Павлович,Победа над злом
10094652033,2023-09-28,Кекухова Людмила Федоровна,Изменение характера
9767666838,2000-07-21,Базылева Клара Сергеевна,Возвращение утраченных воспоминаний
11226616581,2001-08-16,Керасова Лариса Никитична,Победа над собой
13767755131,2006-05-25,Спутнова Александра Викторовна,Любовь наступает
10001037093,2019-05-11,Шмайлова Яна Валерьевна,Приобретение знания о прошлом
10863033762,2018-06-28,Казявкин Альберт Фёдорович,Новая жизнь
10096417761,2018-05-24,Замилова Катерина Егоровна,Обретение баланса сил
11975366489,2000-07-24,Мунзяфяров Владислав Юриевич,Долгожданная встреча
10215764035,2014-11-25,Плявина Инна Яковлевна,Воссоединение с любимым
8809362190,2012-06-25,Котлуков Антон Алексеевич,Возвращение потерянного
9620037997,2013-07-18,Тарикова Клара Валерьевна,Победа над тьмой
11344879503,2008-12-25,Окритова Алина Николаевна,Победа над проклятием семьи
10310721079,2012-11-24,Булышев Василий Яковлевич,Возвращение потерянного
13442965062,2022-08-26,Кутураева Лариса Дмитриевна,Покорение невозможного
10843900128,2000-07-25,Бредов Герасим Виталиевич,Обретение внутреннего покоя
8466846171,2005-08-26,Махин Федор Данилович,Приобретение силы
8196262824,2022-09-28,Мячев Геннадий Леонидович,Любовь наступает
9343096947,2014-05-14,Шлойкина Ева Борисовна,Новое начало
9714144727,2022-06-09,Забористов Роман Сергеевич,Возвращение потерянного
9713201590,2023-09-11,Пряхов Максим Андреевич,Признание героем
10675713089,2014-08-08,Аладов Борис Фёдорович,error
13036726693,2004-06-15,Шулянская Алена Эдуардовна,Обретение внутреннего покоя
10813198796,2005-06-08,Наперова Евгения Андреевна,Покорение тайного мира
11520949858,2009-12-14,Иливанов Александр Евгеньевич,Восстановление дружбы
14210569696,2008-07-26,Бурдонова Ксения Эдуардовна,Удачное путешествие
13635016628,2018-05-23,Катинцева Екатерина Федоровна,Изменение прошлого
13809513702,2020-11-11,Щарбатых Георгий Евгеньевич,Приключение начинается
10623603294,2023-09-22,Сейфуллин Вадим Алексеевич,Раскрытие заговора
9266334007,2000-07-20,Мисюлин Степан Максимович,Признание любви
11752134477,2023-11-23,Мытковский Герасим Павлович,Обретение внутреннего покоя
11459389786,2008-06-08,Буккулов Анатолий Максимович,Новая жизнь
10147853892,2006-09-13,Деканова Юлия Сергеевна,Здоровье улучшается
10963591997,2000-09-28,Евгешенков Андрей Алексеевич,Признание правды
12851865093,2008-08-24,Варквасова Юлия Эдуардовна,Новое начало
12847377420,2019-06-26,Севбьянова Екатерина Ивановна,Семейное счастье
11899307156,2011-07-19,Севбьянов Станислав Сергеевич,Новая работа
10928851688,2021-06-10,Кривцова Карина Борисовна,Успех в бизнесе
